{
  "id": "xream.app.sub",
  "name": "@xream 的应用订阅",
  "author": "@xream",
  "icon": "https://i.loli.net/2021/01/18/VqW7FpRATyz8Z3X.png",
  "repo": "https://github.com/xream/scripts/tree/main",
  "apps": [
    {
      "id": "xream.10010_query",
      "name": "联通余量(v2)",
      "descs_html": [
        "<a href=\"chinaunicom://?open=%7B%22openType%22:%22url%22,%22title%22:%22%E4%BD%99%E9%87%8F%E6%9F%A5%E8%AF%A2%22,%22openUrl%22:%22https://m.client.10010.com/mobileService/openPlatform/openPlatLine.htm?to_url=https://img.client.10010.com/yuliangchaxun2/index.html?linkType=unicomNewShare&mobileA=https://m1.img.10010.com/resources/7188192A31B5AE06E41B64DA6D65A9B0/20201222/jpg/20201222114110.jpg&businessName=%E4%BD%99%E9%87%8F%E6%9F%A5%E8%AF%A2&businessCode=https://m1.img.10010.com/resources/7188192A31B5AE06E41B64DA6D65A9B0/20201222/jpg/20201222114110.jpg&shareType=1&mobileB=F8A34DFF6F9346E68343756DB268C5A5&duanlianjieabc=0tygAa4n%22%7D\">打开中国联通/余量查询</a>",
        "<a onClick=\"window.location.reload(true);\">刷新</a>"
      ],
      "keys": [
        "@10010_query.cookie",
        "@10010_query.mobile",
        "@10010_query.password",
        "@10010_query.appId"
      ],
      "author": "@xream",
      "repo": "https://github.com/xream/scripts/tree/main/surge/modules/10010",
      "script": "https://raw.githubusercontent.com/xream/scripts/main/surge/modules/10010/10010_query.js",
      "settings": [
        {
          "id": "@10010_query.cookie_disabled",
          "name": "是否关闭自动获取 Cookie 功能",
          "val": false,
          "type": "boolean",
          "desc": "默认开启 关闭后将不会在打开 app 时自动获取 Cookie"
        },
        {
          "id": "@10010_query.cookie_notification_disabled",
          "name": "是否关闭获取 Cookie 信息时的通知",
          "val": false,
          "type": "boolean",
          "desc": "默认始终显示通知. 嫌烦的话 可以关掉"
        },
        {
          "id": "@10010_query.cookie",
          "name": "Cookie",
          "val": "",
          "type": "text",
          "desc": ""
        },
        {
          "id": "@10010_query.autoSign",
          "name": "是否开启自动登录",
          "val": false,
          "type": "boolean",
          "desc": "默认关闭. 开启后, 请设置手机号、密码、appId、加密接口"
        },
        {
          "id": "@10010_query.mobile",
          "name": "手机号",
          "val": "",
          "type": "text",
          "desc": "联通客户端登录手机号"
        },
        {
          "id": "@10010_query.password",
          "name": "密码",
          "val": "",
          "type": "text",
          "desc": "联通客户端登录密码"
        },
        {
          "id": "@10010_query.appId",
          "name": "appId",
          "val": "",
          "type": "text",
          "desc": "联通客户端登录时抓取到的 appId"
        },
        {
          "id": "@10010_query.rsapublicKeyEncodeAPI",
          "name": "加密接口",
          "val": "",
          "type": "text",
          "desc": "用于加密手机号和密码, 可以 clone https://runkit.com/xream/rsapublickeyencode 点击 endpoint 得到地址"
        },
        {
          "id": "@10010_query.name",
          "name": "自定义名称(默认为套餐名)",
          "val": "",
          "type": "text",
          "desc": ""
        },
        {
          "id": "@10010_query.other_pkg",
          "name": "需要单独显示的流量包名正则",
          "val": "",
          "type": "text",
          "desc": "例 设置 (加油包|福利|学习强国), 将显示 剩余 536.98M 加油包 46.12M 福利 490.86M 学习强国 1234.56M 免流 41.66G"
        },
        {
          "id": "@10010_query.exclude_remain_pkg",
          "name": "不计算剩余流量的流量包名正则",
          "val": "",
          "type": "text",
          "desc": "例 设置 (学习强国后向定向流量|头条系APP免流|套餐内专享免费流量), 符合的流量包将不进行剩余流量计算"
        },
        {
          "id": "@10010_query.free_pkg",
          "name": "免流流量包名正则",
          "val": "",
          "type": "text",
          "desc": "例 设置 (钉钉定向免流资费|套餐内专享免费流量), 符合的流量包将加入免流流量计算"
        },
        {
          "id": "@10010_query.wifi",
          "name": "(Surge/Loon Only) 在 WiFi 环境时, 也进行查询",
          "val": false,
          "type": "boolean",
          "desc": "(Surge/Loon Only) 默认在 WiFi 环境时, 不进行查询"
        },
        {
          "id": "@10010_query.ignore_flow",
          "name": "流量变化忽略阈值(单位 M)",
          "val": 0,
          "type": "number",
          "desc": "忽略小于等于此数值的流量变化"
        },
        {
          "id": "@10010_query.same",
          "name": "当前时间段内无用量变化时, 也进行通知",
          "val": false,
          "type": "boolean",
          "desc": "默认当前时间段内有用量变化时才进行通知"
        },
        {
          "id": "@10010_query.maintenance_disabled",
          "name": "禁用维护通知",
          "val": false,
          "type": "boolean",
          "desc": "默认在维护开始和维护结束时发送通知"
        },
        {
          "id": "@10010_query.no_url",
          "name": "不在通知中附加 URL",
          "val": false,
          "type": "boolean",
          "desc": "默认附加"
        },
        {
          "id": "@10010_query.v2p.sync_once",
          "name": "V2P 是否在直接执行脚本时同步一次",
          "val": false,
          "type": "boolean",
          "desc": "开启后, 在直接执行脚本时会同步一次, 然后自动关闭此项设置"
        },
        {
          "id": "@10010_query.client_query_disabled",
          "name": "禁止客户端脚本执行查询",
          "val": false,
          "type": "boolean",
          "desc": "开启后, 客户端脚本将不会执行查询(不影响同步)"
        },
        {
          "id": "@10010_query.v2p_disabled",
          "name": "V2P 禁止脚本执行",
          "val": false,
          "type": "boolean",
          "desc": "开启后, V2P 端脚本将不会执行"
        },
        {
          "id": "@10010_query.v2p.sync",
          "name": "V2P 是否开启同步",
          "val": false,
          "type": "boolean",
          "desc": "默认不同步. 开启后, Cookie 更新时将自动同步到 V2P"
        },
        {
          "id": "@10010_query.v2p.sync_notification_disabled",
          "name": "V2P 是否关闭同步时的通知",
          "val": false,
          "type": "boolean",
          "desc": "默认始终显示通知. 嫌烦的话 可以关掉"
        },
        {
          "id": "@10010_query.v2p.store.key",
          "name": "V2P store/cookie 常量储存 key",
          "val": "",
          "type": "text",
          "desc": "默认为 10010_query"
        },
        {
          "id": "@10010_query.v2p.baseURL",
          "name": "V2P 地址",
          "val": "https://",
          "type": "text",
          "desc": "形如 https://v2p.com"
        },
        {
          "id": "@10010_query.v2p.webhook.token",
          "name": "V2P webhook token",
          "val": "",
          "type": "text",
          "desc": ""
        },
        {
          "id": "@10010_query.v2p.webhook.username",
          "name": "V2P Basic Auth 用户名",
          "val": "",
          "type": "text",
          "desc": "例如 Nginx 配置了 auth_basic, 填写此项"
        },
        {
          "id": "@10010_query.v2p.webhook.password",
          "name": "V2P Basic Auth 密码",
          "val": "",
          "type": "text",
          "desc": "例如 Nginx 配置了 auth_basic, 填写此项"
        }
      ],
      "icons": [
        "https://i.loli.net/2021/07/22/wHSEh17GkOIxJ3m.png",
        "https://i.loli.net/2021/07/22/9ovr3FEMnGsyuhk.png"
      ]
    },
    {
      "id": "xream.10010.query",
      "name": "联通余量(停止维护 即将删除)",
      "descs_html": [
        "<a href=\"chinaunicom://?open=%7B%22openType%22:%22url%22,%22title%22:%22%E4%BD%99%E9%87%8F%E6%9F%A5%E8%AF%A2%22,%22openUrl%22:%22https://m.client.10010.com/mobileService/openPlatform/openPlatLine.htm?to_url=https://img.client.10010.com/yuliangchaxun2/index.html?linkType=unicomNewShare&mobileA=https://m1.img.10010.com/resources/7188192A31B5AE06E41B64DA6D65A9B0/20201222/jpg/20201222114110.jpg&businessName=%E4%BD%99%E9%87%8F%E6%9F%A5%E8%AF%A2&businessCode=https://m1.img.10010.com/resources/7188192A31B5AE06E41B64DA6D65A9B0/20201222/jpg/20201222114110.jpg&shareType=1&mobileB=F8A34DFF6F9346E68343756DB268C5A5&duanlianjieabc=0tygAa4n%22%7D\">打开中国联通/余量查询</a>",
        "<a onClick=\"window.location.reload(true);\">刷新</a>"
      ],
      "keys": [
        "10010_query_cookie"
      ],
      "author": "@xream",
      "repo": "https://github.com/xream/scripts/tree/main/surge/modules/10010",
      "script": "https://raw.githubusercontent.com/xream/scripts/main/surge/modules/10010/check.js",
      "settings": [
        {
          "id": "10010_query_cookie",
          "name": "Cookie",
          "val": "",
          "type": "text",
          "desc": ""
        },
        {
          "id": "10010_wifi",
          "name": "使用 WiFi 时, 也进行检查",
          "val": false,
          "type": "boolean",
          "desc": "Surge/Loon 默认不检查; 其他 app 总是检查"
        },
        {
          "id": "10010_same",
          "name": "当前时间段内无用量时, 也进行通知",
          "val": false,
          "type": "boolean",
          "desc": "默认不通知"
        },
        {
          "id": "10010_ignore_flow",
          "name": "流量变化忽略阈值(单位 M)",
          "val": 0,
          "type": "number",
          "desc": "忽略小于此数值的流量变化"
        },
        {
          "id": "10010_no_url",
          "name": "不在通知中附加 URL",
          "val": false,
          "type": "boolean",
          "desc": "默认附加"
        },
        {
          "id": "10010_v2p_webhook_sync",
          "name": "是否同步到 V2P",
          "val": false,
          "type": "boolean",
          "desc": "默认不同步"
        },
        {
          "id": "10010_v2p_webhook_baseUrl",
          "name": "V2P 地址",
          "val": "https://",
          "type": "text",
          "desc": "形如 https://v2p.com"
        },
        {
          "id": "10010_v2p_webhook_token",
          "name": "V2P webhook token",
          "val": "",
          "type": "text",
          "desc": ""
        },
        {
          "id": "10010_v2p_webhook_username",
          "name": "V2P Basic Auth 用户名",
          "val": "",
          "type": "text",
          "desc": ""
        },
        {
          "id": "10010_v2p_webhook_password",
          "name": "V2P Basic Auth 密码",
          "val": "",
          "type": "text",
          "desc": ""
        }
      ],
      "icons": [
        "https://i.loli.net/2021/07/22/wHSEh17GkOIxJ3m.png",
        "https://i.loli.net/2021/07/22/9ovr3FEMnGsyuhk.png"
      ]
    }
  ]
}